"","varnames","totfatmalefull","totfatfemalefull","totleanmalefull","totleanfemalefull","totfatpmalefull","totfatpfemalefull","trunkfatmalefull","trunkfatfemalefull","l1fatmalefull","l1fatfemalefull","appleanmalefull","appleanfemalefull","totfatmaletanita","totfatfemaletanita","totleanmaletanita","totleanfemaletanita","totfatpmaletanita","totfatpfemaletanita","trunkfatmaletanita","trunkfatfemaletanita","l1fatmaletanita","l1fatfemaletanita","appleanmaletanita","appleanfemaletanita","totfatmaletanitac","totfatfemaletanitac","totleanmaletanitac","totleanfemaletanitac","totfatpmaletanitac","totfatpfemaletanitac","trunkfatmaletanitac","trunkfatfemaletanitac","l1fatmaletanitac","l1fatfemaletanitac","appleanmaletanitac","appleanfemaletanitac","totfatmaletanitas","totfatfemaletanitas","totleanmaletanitas","totleanfemaletanitas","totfatpmaletanitas","totfatpfemaletanitas","trunkfatmaletanitas","trunkfatfemaletanitas","l1fatmaletanitas","l1fatfemaletanitas","appleanmaletanitas","appleanfemaletanitas","totfatmaletanitag","totfatfemaletanitag","totleanmaletanitag","totleanfemaletanitag","totfatpmaletanitag","totfatpfemaletanitag","trunkfatmaletanitag","trunkfatfemaletanitag","l1fatmaletanitag","l1fatfemaletanitag","appleanmaletanitag","appleanfemaletanitag","totfatmalecircum","totfatfemalecircum","totleanmalecircum","totleanfemalecircum","totfatpmalecircum","totfatpfemalecircum","trunkfatmalecircum","trunkfatfemalecircum","l1fatmalecircum","l1fatfemalecircum","appleanmalecircum","appleanfemalecircum","totfatmalecircumskin","totfatfemalecircumskin","totleanmalecircumskin","totleanfemalecircumskin","totfatpmalecircumskin","totfatpfemalecircumskin","trunkfatmalecircumskin","trunkfatfemalecircumskin","l1fatmalecircumskin","l1fatfemalecircumskin","appleanmalecircumskin","appleanfemalecircumskin"
"1","int",-10837.3789075177,-7559.36629795033,-570.180308890187,-2530.45574126147,-7.83322214177425,-8.97217046550831,-21.3806905172721,-19.2045432134925,-6.57512279231415,-19.3446187126919,3195.98968743718,676.308194079627,-4859.34214223919,-13814.9576394269,-12646.4423267528,-5367.65981594485,-11.0514328477012,-9.94622837356451,-9.1412162809933,-23.3666233075071,-12.3283196599276,-22.8604048953663,-8709.84994296146,-108.995261002368,6040.32350116297,-4535.64269976665,5705.13096837475,-4101.04792318196,14.185249265069,4.89518604786661,8.2550275603953,-2.54265986898832,9.67791660705603,-1.1863444321701,-7940.58124080828,-2949.49857483066,-4128.19810409395,-15377.2867210266,-2908.31640434351,193.88491310372,-20.4683607997416,-20.1987081916497,-24.2075510967184,-32.6077386224551,-21.7948584762639,-41.3860576171096,13193.3932102442,-1156.00198064203,-7296.03473915086,-15175.6682710488,-10801.9085949147,-3320.43790821573,-5.46517091663419,-9.21192719463036,-7.73542008461082,-20.0516714137315,-12.6147789855433,-20.5754717958995,-7616.08743116761,-5305.92752249604,-2545.37501327649,15279.639409583,-8644.91782173073,-16536.9270469965,19.8871902504949,95.5495654970937,-3.07988186984914,124.556854034357,-5.61989136563125,60.4275736742618,-11996.5480523754,-5069.03056882654,-23930.0661555335,8102.00939373553,8225.04911287151,-2351.81845127998,-48.3847241633564,19.6895173981427,-64.0699404564256,51.958767715217,-21.6775324404932,11.294406953787,5619.84259171483,206.501781478013
"2","ha1q37_10i_seg_la_pcent",0,0.775246026318476,0,0,0,0.173791923478157,0,0.161186350789754,0,0.228895193082053,14.8612868820169,0,-28.9376831379204,27.7212591524932,0,0,0,0.20521189431152,0,0.242160929744631,0,0.311778421472981,33.0865488783273,-16.6172205716917,0,23.9211441830731,-10.4684077466026,-5.69227849763509,0,0.200041373806524,0,0.255320638822727,0,0.296051465131747,26.7401776571644,-10.8705304880248,52.5219407089895,0,0,0,0,0.123037293414427,-0.0151188454663201,0.137573768260304,0,0.203775020882184,12.8293013952325,-0.281575167561933,-0.394321841329623,18.8598755033857,0,-44.754887445875,0,0.22697817886179,0,0.264813596547025,0,0.305413071998252,22.7953738296091,-24.1803660011962,NA,NA,NA,NA,NA,NA,NA,NA,NA,NA,NA,NA,NA,NA,NA,NA,NA,NA,NA,NA,NA,NA,NA,NA
"3","ha1q37_10ii_seg_la_mass",-515.572020549399,0,-746.412077383796,0,-0.385143612855605,-2.8863479381846,-0.859600825455855,-3.27903341657337,-1.74003158484691,-4.18542331041144,0,645.081588075703,0,0,0,0,-1.46308045979494,-2.60229711964136,-1.35209359458191,-3.95821491395472,-1.3178094574541,-5.91397196275011,0,808.776181850753,0,0,-1182.9648855159,99.8741482892981,0,-2.71327567284062,0,-4.74176136314082,-0.712276305455644,-5.28003733797861,0,881.034472674107,-714.64963591382,187.760497396981,-89.4623820986789,0,-0.482744400951597,-1.18881542472394,-2.12765591174263,-2.78699336973785,-1.94007599095924,-3.76844667166941,-439.082663119374,442.971325544509,0,0,0,0,0,-3.0539068601331,-0.866043282397862,-4.9711711475172,-0.879983547571759,-5.42714065206198,0,883.757043471955,NA,NA,NA,NA,NA,NA,NA,NA,NA,NA,NA,NA,NA,NA,NA,NA,NA,NA,NA,NA,NA,NA,NA,NA
"4","ha1q37_10iii_seg_la_free_mass",0,0,0,227.080658004744,0,0,0,0,0,1.23826725900406,0,289.639474536502,0,0,0,89.7444373414361,0,0,0,0.0946277918878694,0,4.69280857411196,0,0,0,0,0,316.563809848956,0,0,0,0.664047914516117,0,1.38380304064533,0,75.9818868816445,356.462651568464,-28.0434938495222,0,357.045003177135,0,0,0,0.0701612953974643,0,1.59965470017703,-394.457988217931,61.7180688419316,0,0,0,0,0,0,0,0.920733822377919,0,2.55056966772612,0,0,NA,NA,NA,NA,NA,NA,NA,NA,NA,NA,NA,NA,NA,NA,NA,NA,NA,NA,NA,NA,NA,NA,NA,NA
"5","ha1q37_10iv_seg_la_muscle",222.504931867927,-196.239825891395,0,2042.42949892336,0,0,0,0,0,0,10.8828939405022,998.792402067857,0,-294.056524850927,0,2364.2883498242,0,-0.146549513736714,0,0,0,-1.50585022362985,0,936.38693210578,0,-478.313244227775,0,2424.89468744967,0,-0.775216398352973,0,0,0,0,0,1228.75257075489,1597.57316473414,-19.9117262987554,0,1896.52345967418,0,-0.000443388294127697,0,0,0,0,-100.962146207246,752.152016457758,0,-562.672802671992,0,1438.87163596046,0,-0.00487137605477219,0,0,0,0,0,972.829506070418,NA,NA,NA,NA,NA,NA,NA,NA,NA,NA,NA,NA,NA,NA,NA,NA,NA,NA,NA,NA,NA,NA,NA,NA
"6","ha1q37_11i_seg_tr_pcent",27.2018756378216,0,95.332821214259,1.66388193274581,0.110664912514173,0.0325159621858893,0.0721969854970659,0.145555907321756,0.154283012524767,0.0898394708265974,56.9750555608157,2.00850274917897,0,18.257468769779,65.1074844520222,0,0.197896628765604,0.0465514518408113,0.241450667067018,0.213693623013657,0.313566890804237,0.199490804873972,0,1.60987420279014,0,5.87107061092221,54.7566463412457,0,0.251639528407462,0,0.220031955157938,0.190427040638907,0.28958849349521,0.127983369962937,19.1652913691042,0,38.1316128188153,0,138.691010635958,18.5152946404906,0.103598514066774,0.0624990103526189,0.0181389749039994,0.214711390515586,0.134469274430618,0.132926768182665,52.1308473817965,13.1984628903848,0,1.74770921369492,57.7432320181894,15.6382766051365,0.315766980648223,0.0323749666844546,0.27301878709391,0.235894174822904,0.346538402361273,0.180163637524847,0,0,NA,NA,NA,NA,NA,NA,NA,NA,NA,NA,NA,NA,NA,NA,NA,NA,NA,NA,NA,NA,NA,NA,NA,NA
"7","ha1q37_11ii_seg_tr_mass",532.859868134388,322.729178366429,122.753367071208,222.088887558936,0,0,0.0307990078534317,0,0.000702585177710208,0.268479738701512,17.2337089483577,82.1222014368803,710.22278507145,310.160849694704,0,141.437081045493,0.503527834505115,0,0.528497171064532,0,0.551039418840164,0.379498038482085,0,88.5491436636689,622.585226157931,298.199301226882,0,212.934843144894,0.05662503576559,0,0.183170389605754,0,0.117052802151989,0.106256288725322,0,130.424257800139,525.641581718075,349.288290843442,18.7556364961721,220.720625659056,0.168749360559433,0.00146492390654864,0.181632938616981,0.138350325019436,0.372384112900629,0.470408452333987,-35.0735949060838,41.0984063755208,690.078264562904,331.747305190771,0,119.833488557329,0.0111871745512801,0,0.438681634177553,0,0.466337982453992,0.321122832429466,0,69.3794428140137,NA,NA,NA,NA,NA,NA,NA,NA,NA,NA,NA,NA,NA,NA,NA,NA,NA,NA,NA,NA,NA,NA,NA,NA
"8","ha1q37_11iii_seg_tr_free_mass",168.426024869069,0,536.426926017605,182.604102750013,0,0,0,0.153768614369224,0.0457602118701562,0.164425006517554,250.001787828576,141.522430095185,0,0,397.623109820957,260.336359994143,0,0,0.0710673231882213,0,0.0982084189195413,0,173.999814338651,220.815550402992,0,0,673.364127546458,282.428694361771,0,0,0,0.213043988057413,0.0495296094241592,0.159941054439397,274.441122548574,183.039954864873,251.004983631445,0,460.560196433162,258.55765279994,0,0,0.060275545309669,0,0.0166266640921528,0,579.681006045742,159.103077692313,0,0,392.996007606405,361.100847493968,0.0525444405751442,0,0.08701024211854,0,0.139366068564611,0,190.156068911679,133.660600872321,NA,NA,NA,NA,NA,NA,NA,NA,NA,NA,NA,NA,NA,NA,NA,NA,NA,NA,NA,NA,NA,NA,NA,NA
"9","ha1q37_11iv_seg_tr_muscle",-36.1481591531349,72.3888240487235,24.525499573937,119.025417641994,0,0.0391121680529519,0,0.0633533062654356,0,0,0,0,0,17.545814274986,0,15.0807321971669,0,0.0620030605226463,0,0.0738512192780977,0,0.135469729055302,0,0,0,61.0445848228237,0,97.1634004336226,0,0.0991194046702,0,0.0652143439423085,0,0,0,0,-182.270979903045,16.0991105956017,29.6524545655732,125.011266001845,0,0,0,0.113882379291716,0,0.00367810205972483,-87.6750577276779,0,0,51.3709597810264,0,49.2693492548677,0,0.121509031760254,0,0.174532681597437,0,0.167393913946417,0,0,NA,NA,NA,NA,NA,NA,NA,NA,NA,NA,NA,NA,NA,NA,NA,NA,NA,NA,NA,NA,NA,NA,NA,NA
"10","ha1q37_2_weight",87.8708064453615,161.270845954967,28.143253781316,158.488189046877,0,0,0,0,0,0,14.9552567143251,38.3306075577739,190.976497504501,213.92688789245,58.2604045751734,187.377306092946,0.0229898903492601,0,0,0,0,0,0,0.601081952617937,173.401104199375,147.124212032649,0,78.3135590642661,0,0,0,0,0,0,0,4.70602865824647,114.699644304549,189.723910666215,16.4077544758173,132.095860862232,0,0,0,0,0,0,0,36.2499446152711,195.27793764048,212.592363363449,100.726401204694,56.7037015335043,0.121981035684141,0,0,0,0,0,0,17.8565359844002,586.382666748915,402.748670544085,375.377690374144,438.601432065763,0,-0.673965851041607,0,-0.786568878112261,0,-0.37678725589424,187.674068174295,264.691712258492,389.741431658323,415.065275699088,552.900652065333,399.906806051755,-0.123215415207983,-0.130136123707988,-0.11228038722922,-0.280906555160738,0,0,262.239055490799,206.366587370475
"11","ha1q37_3_bmi",67.2872390404199,0,70.9763780646701,0,0,0,0,0,0,0,0,0,0,0,140.610250991383,0,-0.359504000453567,0,0,0,0,0,0,0,0,0,274.211718792567,0,0,0,0,0,0,0,50.2396359125236,0,23.796512556601,0,123.060605977571,0,0,0,0,0,0,0,189.48297188854,0,0,0,114.444362325017,0,0,0,0,0,0,0,0,0,173.333529431474,0,70.3295539163427,0,0.10778551451745,-0.848452023462884,0.170444000842393,-1.15208584072775,0.178014490768775,-1.00332095817105,40.1492117288322,5.4914682631705,141.795072154675,0,93.6148495723925,0,0.153775384744602,-0.152217006480691,0.215703971557134,-0.247594378635291,0,0,39.1418245193988,0
"12","ha1q37_5i_tbf_pcent",-227.57415229644,0,0,0,0,0.178496371493859,0,0.0957092634887501,0,0.0736951726040124,0,0,-94.83054521624,3.96246874279743,0,0,0,0.32737278470652,0,0.180418872842045,0,0.060728224572713,0,0,-103.928534249018,0.291101928988892,0,0,0,0.394717765077281,0,0.184362132934121,0,0.17789697376671,0,0,-319.937184117152,0,0,0,0,0.195630147861093,0,0.0285512778831414,0,0.0493670248324833,0,0,-113.737562974668,40.8626100482917,0,0,0,0.337922783707924,0,0.143703122224603,0,0.0994267869426358,0,0,NA,NA,NA,NA,NA,NA,NA,NA,NA,NA,NA,NA,NA,NA,NA,NA,NA,NA,NA,NA,NA,NA,NA,NA
"13","ha1q37_5ii_tbf_mass",141.695982205887,31.9940191733078,45.4713813668637,0,0,0,0,0,0,0,0,0,21.97382577095,101.862609179449,0,0,0.0424744830992292,0,0,0,0,0,0,2.35792109044463,32.1817974405311,51.1151911925304,0,7.86252319402994,0,0,0,0,0,0,0,0,281.176043635634,72.575921254501,20.0289707418087,0,0,0,0,0,0,0,-28.1008703856408,8.73965965778462,26.9761182327895,72.4762984008327,0,81.3341119332906,0,0,0,0,0,0,0,10.6027558578029,NA,NA,NA,NA,NA,NA,NA,NA,NA,NA,NA,NA,NA,NA,NA,NA,NA,NA,NA,NA,NA,NA,NA,NA
"14","ha1q37_5iii_tbf_free_mass",0,0,62.8685686931859,0,0,0,0,0,0,0,62.209709746399,0,0,0,82.887133403645,0,0.0158453300001166,0,0,0,0,0,84.951729200407,0,0,0,34.029490604662,0,0,0,0,0,0,0,0,0,6.9016032393653,0,200.084466645735,0,0,0,0,0,0,0,0,0,0,0,46.060931100007,0,0.000201356416774267,0,0.04825778934248,0,0,0,82.8807425462716,0,NA,NA,NA,NA,NA,NA,NA,NA,NA,NA,NA,NA,NA,NA,NA,NA,NA,NA,NA,NA,NA,NA,NA,NA
"15","ha1q37_5iv_tbf_water",0,0,0,38.5723632058067,-0.00841761114982569,0,-0.0149650087377399,0,0,0,0.0974001944873946,0,0,0,0,0,0,0,0,0,0,-0.00341916223513766,0,53.475539376425,0,-0.810771135502824,0,31.2222704066938,0,0,0,0,0,0,0,18.2985053289024,-43.7355549591535,0,7.84133484549586,95.4283923596197,-0.0442091157489023,0,-0.0821914958173247,0,0,0,42.9678682573552,41.7917778355179,0,0,0,81.9413357256888,0,0,0,0,0,0,0,1.22972659640476,NA,NA,NA,NA,NA,NA,NA,NA,NA,NA,NA,NA,NA,NA,NA,NA,NA,NA,NA,NA,NA,NA,NA,NA
"16","ha1q37_6i_imp_whole_body",1.74541757779428,4.48302888914698,-1.64285418852952,-0.213114588764832,0.00291084720993862,0.00572979346021289,0.000824717871844191,0.00616244678787369,0.00268504811213581,0.00420423154306358,0,0,5.43169700391756,4.59217719012353,0,-0.373916132929283,0.0232352819742279,0.0078136131922655,0.00365788956123629,0.00763179255131451,0.000925910015511751,0.0103162679883784,0,-1.57769325351458,5.04304163406316,6.86006516937191,-5.16775192022562,-1.76354868037616,0.00180828107624574,0.0111569251616619,0.00163655236752057,0.0105336859635023,0.00417566012584506,0.00524119561949385,0,-0.984773617935585,2.6591322184837,3.59045080626118,0,-0.0350171959679291,0.000199796939847352,0.00581605819114596,0.00324875082379227,0.00881014790108441,0.000466442028211591,0.00706998879820187,-2.06503137561999,-0.413865968369149,5.96372357365102,5.98086533422941,0,-3.42844179042235,0.00140409093261428,0.00670433700767579,0.00362305146660386,0.00967998082554028,0.00221402816388356,0.00767394459493629,0,-0.0077292093816976,NA,NA,NA,NA,NA,NA,NA,NA,NA,NA,NA,NA,NA,NA,NA,NA,NA,NA,NA,NA,NA,NA,NA,NA
"17","ha1q37_6ii_imp_rleg",0.360306749746168,0,0,0,0,0,0,0,0,0.00882580032384071,0,0,0,0,0.0151129342898187,0,-0.0077781979780823,0.00251236932339901,0,0,0,0.0121298135004111,0,0,0,0.436740300600096,1.98848278616979,0,0,0.00143164435379154,0,0,0,0.00850650338163884,0.0315291925590257,0,0.917244500755003,0,0,0,0,0.0032588538122551,0,0,0,0.0117405350866691,0,0,-0.467169142936051,0,0,0,-0.000849656489598098,0,-0.00204422244190937,0,0,0.00774368911325707,0,0,NA,NA,NA,NA,NA,NA,NA,NA,NA,NA,NA,NA,NA,NA,NA,NA,NA,NA,NA,NA,NA,NA,NA,NA
"18","ha1q37_6iii_imp_lleg",1.01977381096093,0,0,0,0,0.00454223809841323,0,0.000337625122666799,0,0,0,-1.88816120085461,0,0,0,0,-0.0107157547153313,0,-0.00600823810405676,0.00186363742495065,-0.000944762431454176,0,0,-2.10319765176726,0,0.0226460673372111,0.915197030497034,-0.00843908144959395,0,0.00592791059086339,0,0.00174693193611888,0,0,0,-2.12551127836744,0,0,0,0,0,0,-0.00473909109444498,0.00298641163028581,0,0,0,-1.71971945723861,0,0,0,-1.56150477656704,0,0.00381763693548626,-0.00306266549976765,0.00350107021941792,0,0,0,-3.1798473835732,NA,NA,NA,NA,NA,NA,NA,NA,NA,NA,NA,NA,NA,NA,NA,NA,NA,NA,NA,NA,NA,NA,NA,NA
"19","ha1q37_6iv_imp_rarm",-4.26053748193649,-0.488395232968355,5.74696216810011,0,0,0,0,-0.00353930506526938,-0.000125552184629859,-0.0097716456816419,0.522767165796232,0,0,-0.750799156941707,0,0,-0.0151459428129149,0,0,0,0,-0.0210735347614481,0,1.19105117787779,0,-2.37935756275108,7.51464281050807,0,0,-0.00576764076154315,0,-0.00845842026701817,0,-0.00972957740077655,1.83196437741569,0,-3.16004546644372,-0.458699448228098,0,0,0,-0.000262272646869906,0,-0.00585980444158498,0,-0.0133188251617415,2.06343441069723,0,0,-2.85301140570928,0,6.89833260977276,0,0,0,-0.00724805913049817,0,-0.0123001731294587,0,0,NA,NA,NA,NA,NA,NA,NA,NA,NA,NA,NA,NA,NA,NA,NA,NA,NA,NA,NA,NA,NA,NA,NA,NA
"20","ha1q37_6v_imp_larm",3.40453034860917,0,0,0,0.00650295913428525,0,0.00935916871799483,0,0.00289579401946682,0,0,0,0,0,0,0,-0.000567816285273937,0,0.000396441509548587,0,0,0.00258155599970002,0,0.484955801022735,0.489882443239591,0,0,0,0.00730681015781869,0,0.00356858988703187,0,0,0,0,0,5.35734039517516,0,0,0,0.00855034002756343,0,0.00383175435136187,0,0,0.00140541071416874,0,0,0,0,0,0,0.00442342367295241,0,8.12154691209531e-05,0,0,0.000930981993842893,0,0,NA,NA,NA,NA,NA,NA,NA,NA,NA,NA,NA,NA,NA,NA,NA,NA,NA,NA,NA,NA,NA,NA,NA,NA
"21","ha1q37_7i_seg_rl_pcent",27.7203131284222,44.1343406324691,0,-9.50901468786336,0.0357924750375972,0.0711905027184205,0.0174651539378819,0.0767589001402958,0.0536652031953403,0.0973937966394674,0,-18.3448908673453,52.4412781693095,68.0801926662152,0,0,0.342880243546596,0.120849058421948,0.172773002564198,0.11926817908379,0.183892832022621,0.12558027942484,0,-34.1575367760101,5.27088926279591,55.4048256704305,-59.8659618669649,-39.908178485388,0.0751465267671529,0.104692593982988,0.071682021733578,0.108672454653518,0.106422600724882,0.101559787632217,0,-29.5448825239006,144.750843461982,34.7912611869536,0,0,0.0689456029298198,0.0767456080938405,0.0544756506521351,0.0924441111268706,0.0990746979198246,0.105135598798223,-12.4740524541099,-19.9559516749299,70.6819053047742,70.5273604258143,0,-60.9183485869852,0.121217962483623,0.126320496251287,0.166848956469304,0.128416280025268,0.178139476066279,0.136508690319824,0,-31.2184347690083,NA,NA,NA,NA,NA,NA,NA,NA,NA,NA,NA,NA,NA,NA,NA,NA,NA,NA,NA,NA,NA,NA,NA,NA
"22","ha1q37_7ii_seg_rl_mass",648.996080574398,0,0,259.816700571292,0,-0.0412502937911751,0,0,0,0,0,165.883533808014,522.538851277038,0,0,0,-0.456479502121054,-0.341991331388136,0,0,0,0,0,411.120038629813,724.399085322931,0,0,487.976548394798,0,-0.994877632473853,0,-0.161513788528695,0,0,0,406.470283499492,382.777975242359,0,0,217.974908512405,0,0,0,0,0,0,-419.710422205051,236.46140208214,379.653822835539,0,0,525.133420837425,0,-0.299753816254281,0,0,0,0,0,245.706645927898,NA,NA,NA,NA,NA,NA,NA,NA,NA,NA,NA,NA,NA,NA,NA,NA,NA,NA,NA,NA,NA,NA,NA,NA
"23","ha1q37_7iii_seg_rl_free_mass",399.133145864005,0,0,0,0,0,0,0,0,0,75.8855026926964,0,1.09111932500882,0,0,0,0.552253773497859,0,0,0,0,0,21.658171536832,0,0,0,0,0,0,0,0,0,0,0,0,0,885.954112409635,0,0,0,0.000950255319241522,0,0,0,0,0,137.170159636914,0,94.5664829486222,0,108.129284872275,0,0.0351399547368058,0,0,0,0,0,180.000070168277,0,NA,NA,NA,NA,NA,NA,NA,NA,NA,NA,NA,NA,NA,NA,NA,NA,NA,NA,NA,NA,NA,NA,NA,NA
"24","ha1q37_7iv_seg_rl_muscle",0,0,129.550987370327,0,0,0,0,0,0,0,0,0,0,0,371.680198016893,0,0,0,0,0,0,-0.545622461348278,237.070802671544,0,0,0,326.843058300873,0,0,0,0,-0.056043666583297,0,0,290.157750707567,0,-102.88814823692,0,180.795889111142,0,0,0,0,-0.032417440371455,0,-0.126366962644352,150.374564290009,0,0,-45.4385633703871,221.958461413238,0,0,0,0,-0.0971571884179112,0,-0.106765598091022,65.1409519145617,0,NA,NA,NA,NA,NA,NA,NA,NA,NA,NA,NA,NA,NA,NA,NA,NA,NA,NA,NA,NA,NA,NA,NA,NA
"25","ha1q37_8i_seg_ll_pcent",0,0,49.6596522257196,0,0,0.00270420233616474,0,0.046756585239122,0,0.0232742923454027,45.1684069877992,0,0,0,13.2874952575971,0,-0.0129664194050668,0,0,0.0725815520044314,0,0.0820488778949525,18.3875653526093,0,0,0,53.8728618734334,0,0,0.0443494684503387,0,0.0451922455517317,0,0,32.2567390918949,0,-67.0871780219474,0,20.5666751005397,0,0,0,0,0.12935501274288,0,0.0851590837089704,82.4246654143569,0,0,0,10.0828410564987,0,0,0,0,0.0860732360419137,0,0.0707822669950665,0,0,NA,NA,NA,NA,NA,NA,NA,NA,NA,NA,NA,NA,NA,NA,NA,NA,NA,NA,NA,NA,NA,NA,NA,NA
"26","ha1q37_8ii_seg_ll_mass",173.4114481342,603.754963516052,547.478235408651,0,0,0,0,0,0,0,0,0,0,424.957981709256,585.914642125362,0,-0.750185369295047,0,0,0,0,0,27.6281410769794,0,0,395.081856856194,845.97582103946,0,0,0,0,0,0,0,42.3128770063333,0,0,669.622329863928,796.403480100844,0,0,0,-0.55117505510384,0,0,0,151.577242228351,0,0,442.849579071694,483.489041482935,0,0,0,0,0,0,0,167.453203160336,0,NA,NA,NA,NA,NA,NA,NA,NA,NA,NA,NA,NA,NA,NA,NA,NA,NA,NA,NA,NA,NA,NA,NA,NA
"27","ha1q37_8iii_seg_ll_free_mass",0,548.820857519418,0,0,0,0.443088346696876,0,0.994730634950201,0,0,1.56765458216811,0,0,473.690719019745,0,0,0,0.109384349231534,0,0.485712442490132,0,0,56.7672474791013,0,0,656.761887937529,10.6742380834714,0,0,0.386429660540903,0,0.596689855686754,0,0,103.930963359838,0,-30.6193602155139,445.659149066007,0,0,0,0.315064886489246,0,1.13727626361432,0,0,151.350510936804,0,17.7021776215486,742.285237771727,397.970771748643,0,0.064213761996474,0.539248852315384,0,0.750114311411798,0,0,32.6255857722021,0,NA,NA,NA,NA,NA,NA,NA,NA,NA,NA,NA,NA,NA,NA,NA,NA,NA,NA,NA,NA,NA,NA,NA,NA
"28","ha1q37_8iv_seg_ll_muscle",-128.815905705676,0,1049.98599596569,0,0,0,0,0,0,1.27655823659593,401.595574148089,0,0,58.1423999401859,401.395086032636,0,-0.28020446567764,0.490072308806505,0,0.00126438878524824,0,1.75300754906182,0.823928069580634,-0.207746686604347,0,5.5908446207399,1000.67077142636,0,0,1.00633464119325,0,0.477539871924588,0,1.01601694478081,154.154908052858,0,-617.009510889117,0,765.079347815562,0,0,0,-0.0104674154765859,0,0,1.4016177620333,673.245523184102,0,0,29.9769704424571,62.9029854362038,0,0,0.224701520901856,0,0.105394996569326,0,1.22807966784207,0.222005495577704,0,NA,NA,NA,NA,NA,NA,NA,NA,NA,NA,NA,NA,NA,NA,NA,NA,NA,NA,NA,NA,NA,NA,NA,NA
"29","ha1q37_9i_seg_ra_pcent",0,0,69.426081142074,0,0,0,-0.0439580229419778,0,0,0,9.33618549879605,-7.06645901192172,0,0,34.6948852644941,0,0.0284172229009928,0.0140575791186932,0,0.00256384215448957,0,0,0,-23.9830114190124,-15.3597979205744,0,88.2555087703841,0,0,0,0,0,0,0,2.43922081331791,-22.3972606454139,-85.2862228497136,0,52.8475871996721,0,0,0,0,0.00898477192442759,0,0,45.5834392449741,-9.47517916710499,0,0,25.8895796464799,0,0,0.00362046005002363,0,0,0,0,0,-10.6654878467251,NA,NA,NA,NA,NA,NA,NA,NA,NA,NA,NA,NA,NA,NA,NA,NA,NA,NA,NA,NA,NA,NA,NA,NA
"30","ha1q37_9ii_seg_ra_mass",783.243145433995,0,0,0,0,0,0,0,0,0,67.035257521426,0,599.629549770342,0,0,0,0,0,0,0,0,-0.124713204356247,0,0,616.192938135903,0,0,80.9497519118936,0,0,0,0,0,0,0,0,817.227634205718,0,0,0,0,0,0,0,0,0,0,0,560.490669414542,0,0,219.487006294883,0,-0.0164050670174699,0,0,0,0,0,0,NA,NA,NA,NA,NA,NA,NA,NA,NA,NA,NA,NA,NA,NA,NA,NA,NA,NA,NA,NA,NA,NA,NA,NA
"31","ha1q37_9iii_seg_ra_free_mass",1234.73835660259,0,0,0,0.449542645394559,0,0.535487383472254,0.114707904841716,1.14102557802977,0,58.2725747395324,0,624.300668581886,0,0,0,1.54850130024337,0,1.95623798652641,0.678244886087939,1.9678723631356,0,0,0,389.806961189348,0,0,0,6.80175255263237e-05,0,0.0643721070046986,0,0.747191053713217,0,154.234908523062,0,1116.23707939616,0,0,0,1.18164234054687,0,2.5331475807187,0.68799996642808,1.57967269944257,0,0,0,486.720304060081,0,0,0,0.363900826089861,0,1.89742863428242,0.824558723036388,2.12570126201761,0,0,0,NA,NA,NA,NA,NA,NA,NA,NA,NA,NA,NA,NA,NA,NA,NA,NA,NA,NA,NA,NA,NA,NA,NA,NA
"32","ha1q37_9iv_seg_ra_muscle",-712.491759165145,0,967.662416392257,574.542883100824,0,0,0,0,0,0,118.916867254102,185.940292768352,0,-180.43142395401,340.005482792938,536.80455667393,-0.217787877238197,0,0,0,0,-1.32812522533962,0,449.978120290515,0,-446.775711085756,1416.1092606951,670.193341817871,0,-1.25310259454168,0,0,0,0,6.77352878686504,313.704104657123,-2229.99517526723,-313.995029565238,346.960602637926,704.599473846536,0,-0.231123182494688,0,0,0,-0.146103376173987,945.851804315353,321.842836323301,0,-373.218477538186,30.4822108967199,957.372662026101,0,0,0,0,0,0,0,73.9727906745757,NA,NA,NA,NA,NA,NA,NA,NA,NA,NA,NA,NA,NA,NA,NA,NA,NA,NA,NA,NA,NA,NA,NA,NA
"33","ha1q5_5sex",0,0,0,0,0,0,0,0,0,0,0,0,0,0,0,0,0,0,0,0,0,0,0,0,0,0,0,0,0,0,0,0,0,0,0,0,0,0,0,0,0,0,0,0,0,0,0,0,0,0,0,0,0,0,0,0,0,0,0,0,0,0,0,0,0,0,0,0,0,0,0,0,0,0,0,0,0,0,0,0,0,0,0,0
"34","ha1dv_age",6.89168196546937,0,-8.3197306856327,0,0.0120260164181684,0,0.00661235657980999,0.00797486414342957,0,0.00784112546649954,-4.2717263822193,-0.550349661485788,1.25703642080119,-8.69917405089011,-8.2957642454303,9.19950758563319,0.0107501021504495,-0.0241829604915809,0.0284018594133722,0,0.033350083127111,0.0305083207466659,-21.1517295501531,-2.23981041821359,2.60091191017476,0,-3.77568715623497,0,0,-0.00371874823273377,0,-0.0144570002465643,0,0,-12.1964354206979,0,16.24161935266,0,-18.7934795283809,1.92975555384396,0.0344118233477505,-0.000196190235867827,0.0537504868457287,0.0198351660942787,0.0521339572095503,0.0468588900019751,-30.3048422645418,-5.85177449079926,-0.25098231988115,-7.48587043823298,0,5.9399781501497,0,-0.0271961359313883,0,0,0.000114453574025702,0.01631511678971,-11.771522997185,0,3.61891589554636,-4.10140167479525,-4.34806450072784,7.3182054170104,0.0089661597965259,-0.01934951411904,0.00675095235614542,-0.0283085585994672,0,-0.0138491178754362,-13.183543362977,2.42353164637497,8.90375197837238,3.8097317436851,-8.874059588547,0.445292014387466,0.0162595300509616,0.00708724052126595,0.0141820256169965,0.00292609611506217,0.00966249144060684,0.0161872029535366,-15.8712299164598,-2.90022158407815
"35","calf_circ",3.71765537500412,0.0115980456155026,0,0,0,0.00505546040153841,0,0,0.00194261395754297,0,3.00515740966666,4.823871853792,NA,NA,NA,NA,NA,NA,NA,NA,NA,NA,NA,NA,5.53733899349979,8.79451365855924,0,0,0.00944708543161583,0.0212855296526623,0,0,0,0,3.20574659629773,1.47246232136761,NA,NA,NA,NA,NA,NA,NA,NA,NA,NA,NA,NA,NA,NA,NA,NA,NA,NA,NA,NA,NA,NA,NA,NA,-29.9196505049704,0,6.49663010394061,0,0,0.352502620165429,-0.00611794968609565,0.419747611694593,-0.0136308102717082,0.0145562160721987,8.11645746445815,0,-16.9998464790464,0,0.417027712116309,6.74355680245011,0,0.0437217809818145,0,0.226805869163415,0,0,7.50818020658922,8.12130574178302
"36","head_circ",-13.754192416523,-15.8297418697021,16.2018996901061,17.4283102231919,-0.0221299141882788,-0.032664576189232,-0.0304541251173136,-0.0453613788917531,-0.0346658296758119,-0.0376815672257009,0.257075960347474,2.79102416551447,NA,NA,NA,NA,NA,NA,NA,NA,NA,NA,NA,NA,-16.2042492834538,-18.0806155231408,18.1788255651672,19.1997895715569,-0.0239406977972743,-0.0388587364752002,-0.0298543058725234,-0.0503799732266651,-0.0366342028352508,-0.0425949035531453,1.28445472588054,4.43057190034714,NA,NA,NA,NA,NA,NA,NA,NA,NA,NA,NA,NA,NA,NA,NA,NA,NA,NA,NA,NA,NA,NA,NA,NA,-16.9789582930227,-27.4022823710947,19.0690053843514,27.2188418573786,-0.0260848513896359,-0.058070964449343,-0.0339426408783303,-0.070091141893792,-0.0386781865659866,-0.0627081345624122,1.76856124558425,8.68381967494861,-13.5739119526146,-23.6297460619945,16.1136068126451,23.690124463355,-0.0209383817303952,-0.04532226979964,-0.0291236976741062,-0.0599152236716159,-0.032508742333437,-0.0515905589826861,0.100372909353652,6.01478131957138
"37","cheste_circ",-12.7597163355321,0,5.72867632448443,0,0,0,0,0.0049423607108238,0,0.0010626315629238,0,-1.19384096549486,NA,NA,NA,NA,NA,NA,NA,NA,NA,NA,NA,NA,-5.21725318573621,0,10.2699935016129,0,0,0,0,0.00394205447962555,0,0.00214890378689076,0,-1.99842489103505,NA,NA,NA,NA,NA,NA,NA,NA,NA,NA,NA,NA,NA,NA,NA,NA,NA,NA,NA,NA,NA,NA,NA,NA,-27.1369056840464,0,18.611131940307,0,-0.000249559237515709,0.0154888410915435,-0.00201899390514526,0.0315566065146684,-0.000801811560071536,0.0390811298274591,7.55896381919811,-1.44555026271686,-32.6699373245592,-1.44154652841627,19.9018604793035,1.82241411074706,-0.0237763256299916,0.00954193425376521,-0.0286376935868446,0.0166776003482236,0,0.0210577822753799,10.3567654739503,-0.39542824856626
"38","waist_circ",0,2.76353489371066,0,0,0,0,0,0,0.0178065898471627,0.0118303497496936,0,0,NA,NA,NA,NA,NA,NA,NA,NA,NA,NA,NA,NA,0,4.56777465363212,5.84664086641612,0,0,0,0.00539055718675643,0,0.0165635330588539,0.0206718063040633,0,0,NA,NA,NA,NA,NA,NA,NA,NA,NA,NA,NA,NA,NA,NA,NA,NA,NA,NA,NA,NA,NA,NA,NA,NA,13.0964927443968,0.000618997892257645,-7.70675880943222,0,0,-0.0346149128694699,0,-0.0236443301521986,0,0,-22.8463148612648,-0.776419086450532,23.1568742283569,4.77903272568626,-17.0984129330892,0,-4.27267542708276e-06,0,0.012664304816426,0.0102553529426897,0.00611142941846589,0.00549237423660463,-22.0526820239107,-2.49199098942716
"39","hip_circ",10.3177908577443,3.2489451242187,-7.12995731314792,0,0.0149102625637901,0.00442149793713432,0.0249516897146924,0,0.00774900817241987,0,-5.072467509717,-1.33196060101448,NA,NA,NA,NA,NA,NA,NA,NA,NA,NA,NA,NA,11.4169202195779,5.25613064776768,-14.1841765464011,-2.63299931830668,0.0209494007640857,0.0122120896328333,0.019707938210921,0,0.0118466762889565,0,-7.23741323206573,-2.71578325423984,NA,NA,NA,NA,NA,NA,NA,NA,NA,NA,NA,NA,NA,NA,NA,NA,NA,NA,NA,NA,NA,NA,NA,NA,6.50609472674343,15.2871632512469,-6.64232872994325,-7.7996553954328,0.0539478591305377,0.143188876831408,0.061410125055757,0.152141309849355,0.061134673313793,0.110733500059073,0,-14.0685770057846,3.34416807924387,7.70019177183811,-1.77659401861741,-2.55366779082524,0.0584538102520134,0.0438301669713483,0.0573646586589255,0.0611484106045476,0.0124870737771158,0.0350810775959422,0,-4.15279083571823
"40","arm_circ",-2.95838068771721,1.6128809853838,0,0,0,0.0201569781952287,0,0.0108709984393871,0,0,0,0,NA,NA,NA,NA,NA,NA,NA,NA,NA,NA,NA,NA,1.76408927116204,18.0836566864909,-1.5781050013598,-6.68382907408968,0.00229145829851541,0.0328241833177412,0.0043822698679462,0.0212709754340473,0.00701608126651971,0.00271184083887394,3.3769799286379,0,NA,NA,NA,NA,NA,NA,NA,NA,NA,NA,NA,NA,NA,NA,NA,NA,NA,NA,NA,NA,NA,NA,NA,NA,-14.2522630044738,10.5162077593761,13.3135928914154,0,-0.0185744852990738,0.0181296575346417,-0.0158913719054386,0.00557084463196026,-0.0135323034464182,-0.00903861000661215,12.6506449941233,3.15724996402464,-58.5382660221813,-7.28928066915331,20.4975449685359,6.29733688656809,-0.121756185575585,0.021545648981205,-0.107982892949701,0.0661969991300237,-0.021524219325806,0,21.0182594490981,6.92222141988451
"41","tri_fold",66.8567581939068,0,-32.7795817709515,0,0.0239611091622528,-0.117131191142308,0,-0.171724793709362,0,-0.172830437563726,0,34.9136434937436,NA,NA,NA,NA,NA,NA,NA,NA,NA,NA,NA,NA,NA,NA,NA,NA,NA,NA,NA,NA,NA,NA,NA,NA,57.3952096702454,0,-59.3130204951283,0,0.030698979232211,-0.0774769033345853,0,-0.180854012695449,0,-0.175586078937195,0,38.8902703112697,NA,NA,NA,NA,NA,NA,NA,NA,NA,NA,NA,NA,NA,NA,NA,NA,NA,NA,NA,NA,NA,NA,NA,NA,243.010274194951,-10.3598392135647,-123.169302607398,59.142470752499,0.369445021379175,-0.286459907377492,0.290808193143012,-0.520572341202797,0,-0.310517239755206,-64.0529895099715,43.7521401343315
"42","bi_fold",51.7292513898418,-10.9414004384008,0,2.40220638024961,0,-0.124838581482683,0,-0.136775160335886,0,-0.135260225881656,0,9.6910147386022,NA,NA,NA,NA,NA,NA,NA,NA,NA,NA,NA,NA,NA,NA,NA,NA,NA,NA,NA,NA,NA,NA,NA,NA,40.5584628019764,0,0,7.07775465584107,-0.0221810630949218,-0.115805492751964,-0.0549682057968832,-0.181152476695669,-0.037834511266367,-0.18003075826479,10.9048161646239,27.3446795147738,NA,NA,NA,NA,NA,NA,NA,NA,NA,NA,NA,NA,NA,NA,NA,NA,NA,NA,NA,NA,NA,NA,NA,NA,80.0209872095972,9.37531538534957,-42.595353615825,20.1311935899053,-0.0154354632464291,-0.163942779773846,-0.0126422730354249,-0.168963528931379,0,-0.15918522391191,-26.7037134945155,7.60015526851441
"43","sub_fold",-49.755436079653,-89.7327588368944,50.1658270074556,72.1515645474912,-0.127738100078715,-0.252961008388797,-0.0658063262727445,-0.209518893569995,-0.0310636089571554,-0.218669047401192,13.0370692053556,39.8794995749661,NA,NA,NA,NA,NA,NA,NA,NA,NA,NA,NA,NA,NA,NA,NA,NA,NA,NA,NA,NA,NA,NA,NA,NA,-84.9871827007733,-99.7074028822858,56.4803767396007,67.6814024334176,-0.169858991835781,-0.273090991887298,-0.132351672772262,-0.22111379907886,-0.0589245742354501,-0.215634468005839,41.2776401312991,37.2640074369493,NA,NA,NA,NA,NA,NA,NA,NA,NA,NA,NA,NA,NA,NA,NA,NA,NA,NA,NA,NA,NA,NA,NA,NA,-54.9227628630448,-154.637933567269,25.8540883818014,157.41057511885,-0.183454848973993,-0.417651602724594,-0.129175451304361,-0.376900048650888,-0.0953989823057959,-0.379024228065023,15.3040121645328,74.1628826111807
"44","sup_fold",-13.219507791203,1.10392512395907,6.80332030639159,1.97979762259225,-0.0834128509282821,-0.0602440596101717,-0.0436522082979872,-0.039992500541489,0,0.0359062298171096,18.7856772958551,0,NA,NA,NA,NA,NA,NA,NA,NA,NA,NA,NA,NA,NA,NA,NA,NA,NA,NA,NA,NA,NA,NA,NA,NA,-49.6043064484392,0,5.37353786815929,0,-0.119147576270136,-0.0721721892912136,-0.08931467098111,-0.0485456496503792,-0.00331818840053069,0.0357065416343646,40.9887128301825,-0.147352407374725,NA,NA,NA,NA,NA,NA,NA,NA,NA,NA,NA,NA,NA,NA,NA,NA,NA,NA,NA,NA,NA,NA,NA,NA,-4.67456710843791,-20.9953377013474,-20.6636113860891,57.787573700383,-0.123420588710851,-0.190468812794578,-0.0864074827626699,-0.183296405006108,-0.0414482290634256,-0.0807354661719833,14.984989282017,21.3687266228775
"45","calf2_fold",144.629167374529,108.533574818646,-151.212016178308,-106.084110172009,0.246693062648158,0.21963602892125,0.0544882887733316,0.0327385212736231,0.0498542689038993,-0.0181257354860544,-79.5869614606456,-63.8901802404168,NA,NA,NA,NA,NA,NA,NA,NA,NA,NA,NA,NA,NA,NA,NA,NA,NA,NA,NA,NA,NA,NA,NA,NA,165.962144967464,125.341488234225,-176.411656173056,-110.766730980723,0.281383723672211,0.246118664375159,0.0781913189287658,0,0.0589149113102739,-0.0869291365667884,-86.5048706757448,-51.5761418306607,NA,NA,NA,NA,NA,NA,NA,NA,NA,NA,NA,NA,NA,NA,NA,NA,NA,NA,NA,NA,NA,NA,NA,NA,162.959789477075,127.749598373303,-169.113828023636,-133.134744418693,0.272228638265085,0.261029145783244,0.0815795789849725,0.076569288257674,0.0839622683818343,0,-92.9728767588261,-75.9591701792677
"46","height",-4.62163171139249,0,5.58029658361226,5.9522375179966,0,0,0,0,0,0,5.82620949150724,6.77628692223048,-5.24692160252417,-0.0384943221399011,11.4141452746522,8.04574138263835,-0.00144973508843178,0,0,0,0,0,7.68312872290574,4.82799943865543,-4.97096616496961,-0.427417164770804,2.69757951357696,8.07992982842067,0,-0.00400776360007527,0,-0.000497131475896489,0,0,8.40574116695901,7.21446724898214,-7.14877738553269,-0.174128798061122,6.73232605006987,5.79694717156525,0,-0.000341056665851888,0,-0.00648046351469719,0,0,-3.31873045894305,6.78945134889138,-3.84134668749549,0,9.90754712885029,7.77295331496485,0,0,0,-0.00161987007028236,0,0,6.65669087147784,7.76711254805802,-18.3001571436827,-11.7194329554745,21.7468055637682,16.1357483775541,-0.0129929701442726,-0.063008744467152,-0.0128531957340575,-0.0760137038920355,-0.00968989193899053,-0.0226029494249076,16.2268405123076,9.07868761588307,-9.5165332464362,-12.1518704197089,13.6144243711442,16.4862179564114,-0.0040898779746118,-0.021229106414317,-0.00433505587992797,-0.0538416092580616,0,-0.0177875846854897,11.3851845856839,8.7431221917424
"47","dom_grip",-2.10139540699819,-17.826569244816,3.64548634788036,3.87482758411346,-0.00496121530016819,-0.00944904483804318,-0.0176992707828874,0,-0.0365303396905409,-0.0673407462027879,30.0592047025908,4.28284370522972,NA,NA,NA,NA,NA,NA,NA,NA,NA,NA,NA,NA,NA,NA,NA,NA,NA,NA,NA,NA,NA,NA,NA,NA,NA,NA,NA,NA,NA,NA,NA,NA,NA,NA,NA,NA,0,0,4.50489910631356,0,0,0,-0.0207419400828435,0,-0.042507032836722,-0.0764300568287463,19.1314832463232,1.61617218558825,NA,NA,NA,NA,NA,NA,NA,NA,NA,NA,NA,NA,NA,NA,NA,NA,NA,NA,NA,NA,NA,NA,NA,NA
"48","nondom_grip",-22.7534432488446,-13.386520426872,11.9197705854572,29.7113444371364,-0.0328142551687655,-0.0557847588732315,-0.0258910802561027,-0.0159225665166252,-0.0124207104579942,0.0159982253569259,2.03587214885304,18.6983096202208,NA,NA,NA,NA,NA,NA,NA,NA,NA,NA,NA,NA,NA,NA,NA,NA,NA,NA,NA,NA,NA,NA,NA,NA,NA,NA,NA,NA,NA,NA,NA,NA,NA,NA,NA,NA,-40.9239446303262,-32.3306547287978,37.4735753872271,37.4126841555232,-0.0667708042810661,-0.0849961029293698,-0.0767947288020186,-0.0490254875294956,-0.0664261029774693,0,16.1749951003891,30.8470556701831,NA,NA,NA,NA,NA,NA,NA,NA,NA,NA,NA,NA,NA,NA,NA,NA,NA,NA,NA,NA,NA,NA,NA,NA
"49","waist_hip",3936.79263246949,0,4597.60987076422,0,2.66626580129206,0,11.7370686733874,7.33876514240908,0.0140557573740096,2.97021006693768,0,0,NA,NA,NA,NA,NA,NA,NA,NA,NA,NA,NA,NA,0,138.373391961369,1968.55345163947,0,0,2.98894516406595,1.80951518891778,4.76829008893023,0,1.21948060316423,0,0,NA,NA,NA,NA,NA,NA,NA,NA,NA,NA,NA,NA,NA,NA,NA,NA,NA,NA,NA,NA,NA,NA,NA,NA,-9261.07736673938,4963.35800549862,14694.4728356089,0,24.014615093425,129.665140184553,34.5177989902422,152.412719940758,40.5014970510407,106.068501270962,11503.1292207997,-8830.87625273281,-6183.97923530562,0,13990.1832807659,3763.50186428052,39.6181747623989,33.2378995371638,37.4705373292402,62.7873103023687,0,32.2839048618188,8345.12373560339,0
"50","waist_height",0,0,0,0,0.333532770376384,1.53207351993525,8.69597354934999,17.9174347374133,11.9013472887282,13.9253485088619,0,0,NA,NA,NA,NA,NA,NA,NA,NA,NA,NA,NA,NA,0,0,0,0,0,10.6672778035349,3.70021571020274,21.1593496068365,0,0,0,-1477.81603742429,NA,NA,NA,NA,NA,NA,NA,NA,NA,NA,NA,NA,NA,NA,NA,NA,NA,NA,NA,NA,NA,NA,NA,NA,-2723.32595527224,0,-7705.35767580897,0,0,13.0302676430768,0,25.9390771708543,14.0361533384781,0,2513.90216495936,0,1911.36448302882,0,-9096.03700042255,0,-1.80543619116613,0,2.16431491606396,5.36112505431696,49.4657583361784,12.3375267249419,0,-2700.12931672973
"51","chest_waist",3380.50316444954,-2075.4012346032,0,-2541.47143225929,-8.57862198505832,-1.21719118644312,-7.38309591134478,0,-8.59777288129025,-0.134626716409224,0,-961.522803463383,NA,NA,NA,NA,NA,NA,NA,NA,NA,NA,NA,NA,-5030.18214930469,-2815.95679672893,0,-2203.91900395149,-14.0364019781084,-2.56019908751671,-13.0501474033162,0,-13.5778848524439,-0.855889429805156,1662.71516725811,-137.013161339148,NA,NA,NA,NA,NA,NA,NA,NA,NA,NA,NA,NA,NA,NA,NA,NA,NA,NA,NA,NA,NA,NA,NA,NA,11383.3513908597,-2881.58494951688,-7564.69293812224,-2111.66499789221,-14.1661921830302,-15.0507041784793,-9.88181666976253,-21.6399622886358,-11.8029256901814,-28.4638731504084,-4508.81366626474,-338.762498194548,19938.7641479773,-61.7501823829231,-12327.2282413337,-5409.45284902757,11.9515337379184,-6.21969419663325,16.3824579542856,-7.43713268139209,-5.97903232304638,-12.5046862628266,-9057.2055552615,-2113.90436921423
"52","calf_height",1971.85769605379,8526.13007612172,-7735.25629121169,-411.648145142655,13.4470042648765,5.15039891160113,13.3503322770077,-3.02597784855304,1.45779107011048,-10.1945590662323,0,0,NA,NA,NA,NA,NA,NA,NA,NA,NA,NA,NA,NA,396.319376892608,4111.31409784644,-10015.3790761055,-11514.8670484033,1.74908595098854,1.25447452195142,9.68925868426944,0,0,-8.79695064844264,0,0,NA,NA,NA,NA,NA,NA,NA,NA,NA,NA,NA,NA,NA,NA,NA,NA,NA,NA,NA,NA,NA,NA,NA,NA,44377.3659383961,0,-9852.3305675478,0,-3.6987324877925,-536.800074334376,0,-677.966834451405,0,-75.5077252406107,0,10378.3093594373,23027.3481292541,-11449.1345588231,0,0,-4.34671546376212,-89.4108723160378,-5.08880422819595,-393.012288793238,-14.6028818198541,-52.8897099544993,659.587544856679,3341.95661756464
"53","impmod_whole",0,0.230801947253004,0,0,0,0.000275918992282761,-0.000368439629813335,0.000266982067917599,-0.000354349925379679,0.000191835916856301,0.0946777602015698,-0.0107921916593592,0.431850435877204,0.235741211097678,0,0,0.00203851262026871,0.000374338927934201,0,0.000320656444212087,0,0.000485639581186087,0,-0.093343332085025,0.168594174461943,0.3321853748888,-0.218668552435027,-0.0613312050540949,0,0.000521678959975545,0,0.000459841899344219,0,0.000237858304427636,0.00188452593822984,-0.0580680963247167,0.347291359819744,0.203204653726651,0,0,0,0.000306280274856202,0,0.000399746380231831,-0.000360765823250251,0.000338466201644638,-0.14599041128472,-0.0418162749283308,0.393178416506097,0.29446095117611,0,-0.146875723832024,0,0.00030622292895078,0,0.00041644248128487,0,0.000345114201641184,0.0311532255676151,-0.00296769611781059,NA,NA,NA,NA,NA,NA,NA,NA,NA,NA,NA,NA,NA,NA,NA,NA,NA,NA,NA,NA,NA,NA,NA,NA
"54","impmod_rleg",0,-0.0791570678242661,0.0328004992525403,0,0,-3.43431543927149e-05,0,-1.28149129422133e-05,0,-0.000244543681582716,0.028104266130189,0.00638250394790092,0.13066737574376,-0.112624566513504,0,0.0993678683792566,0,-2.04984743175275e-05,7.88764034173978e-05,-0.000339204021500139,0,-0.000199332181567833,0,0.0383079410660668,0.0821379059768542,-0.0890065449821239,-0.00354974227049833,0.027811108946912,0,0,0,-7.95985989866068e-05,0,-0.000340469056972302,0,0.0170124633475245,0.0267182611637094,-0.124948994556694,0,0.0919134323591994,2.41732221515663e-05,-5.22483380452166e-05,1.00959518899799e-05,-0.000241695389830778,0,-0.000257120233054414,-0.011962357247184,0.0350332149246522,0.080877693229406,-0.106850719511699,0,0,0,-3.61806609582611e-05,0,-0.000218102949084941,0,-0.000437036753929893,0.00519383240615691,0.00529696583836392,NA,NA,NA,NA,NA,NA,NA,NA,NA,NA,NA,NA,NA,NA,NA,NA,NA,NA,NA,NA,NA,NA,NA,NA
"55","impmod_lleg",0,0,0,0.281460016860398,-6.9235787917463e-05,0,-2.09915484313416e-05,-0.00031295199547197,-6.63520286272532e-06,0,0.034608087389542,0,0.0916999463938546,0,0,0.153852112893569,-3.20944355517138e-06,0,0,0,0,0,0,0,0.0344999546362241,0,-0.0122161852445051,0.261250597653276,0,0,0,-0.000105050661404704,0,0,0,0,0.0728017691700769,0,0,0.194320785176697,0,0,0,0,0,0,0,0,0.0134577268932831,0,0,0.0398615200249743,0,0,0,0,0,0,0,0.00111064291936144,NA,NA,NA,NA,NA,NA,NA,NA,NA,NA,NA,NA,NA,NA,NA,NA,NA,NA,NA,NA,NA,NA,NA,NA
"56","impmod_rarm",-0.235924611464029,-0.533360717539787,0.452936938137461,0.496564837781114,-6.55821679559533e-05,-0.000949136117409596,0,-0.00123808614427882,0,-0.00191739395169398,0.0981244692849536,0.355015407643764,-0.246320874190228,-0.507585854311021,0.318799960878371,0.525000728977426,-0.00116297447090654,-0.000836275939999186,-0.000360915038922476,-0.00108364775245513,-0.000272583266366564,-0.00255748926053671,0.195869003513626,0.32154188976257,-0.200023400846653,-0.512575590543641,0.638673473821869,0.440993115733349,-0.000189511344839268,-0.000995215720754751,0,-0.00143418420592168,0,-0.00177982181401758,0.229024974047745,0.227294356181885,-0.187919675451323,-0.536684106326374,0.272021806608987,0.526130689802575,-0.000311166381788995,-0.00103222895237701,-0.000315218534409617,-0.00160296199347645,-7.5102081536297e-05,-0.00232962025345761,0.214071153137305,0.354867650970806,-0.139348055758886,-0.596016938578672,0.296972627625011,0.936361868868875,-0.000160521137398528,-0.000878983850685223,-0.00023686284723079,-0.00165401200920627,-0.000158637736693121,-0.00209865870793732,0.145172212872237,0.366850587843769,NA,NA,NA,NA,NA,NA,NA,NA,NA,NA,NA,NA,NA,NA,NA,NA,NA,NA,NA,NA,NA,NA,NA,NA
"57","impmod_larm",-0.302392722554782,-0.105887605585471,0.453103882731898,0.056593951325833,-0.000462079667178363,-5.71290189380378e-05,-0.000398890288788605,-5.37867166230996e-05,-0.000679732534034192,-6.02571044029255e-05,0.27031815736079,0.00498183632780153,-0.620693707409324,-0.150085548639787,0.767772202912111,0.136905665329432,-0.000883997957852319,-0.000147733272954181,-0.00103600748638645,-2.53685110548197e-05,-0.00119115766646238,-2.53860772188376e-05,0.384538703221286,0.0342217612980816,-0.413403944799272,-0.0756481289193787,0.403163578966181,0.0751541437559962,-0.000551557140211596,-1.3866007209268e-05,-0.000675371330981208,-0.000103707694709567,-0.00108575027419242,-0.000141574241597474,0.368044660878222,0.0101847830282422,-0.517363543743462,-0.123946236659196,0.587393037401047,0.0445131227761842,-0.000518789497763889,-8.12866676073227e-05,-0.000739401325061724,0,-0.000955481033057612,-2.55585134123354e-06,0.331991316165382,0.0171806605177469,-0.565475516519062,-0.0870508223061288,0.788070105404562,0.00100245309502082,-0.000876654562244806,-0.000121311554616395,-0.00102783494569394,-2.20493881839489e-05,-0.00110699467845325,-0.000127714929553217,0.33274941451186,0.0336416320558146,NA,NA,NA,NA,NA,NA,NA,NA,NA,NA,NA,NA,NA,NA,NA,NA,NA,NA,NA,NA,NA,NA,NA,NA
"58","fmi",0,0,0,0.449462519768568,0.123896777718096,0,0.364397407758135,0,0.202838136006723,0,0,0,0,0,0,0,0,0,0,0,0,0,0,0,0,0,0,164.143243278694,0,-0.577199903276339,0,-0.344873031864887,0,0,0,0,0,0,0,24.8641301115932,0.219449505803274,0,1.39939828427478,0,0.587895779231579,0,-75.2017205477269,0,0,0,0,184.659067071927,0,0,0,0,0,0,0,0,NA,NA,NA,NA,NA,NA,NA,NA,NA,NA,NA,NA,NA,NA,NA,NA,NA,NA,NA,NA,NA,NA,NA,NA
"59","lmi",0,198.218716118921,0,0,0.201977971526793,0.527206198081576,0,0.484315792752223,0.146635362720788,0.619078881650488,0,0,421.509207728715,577.059968665942,0,0,1.43882751154435,1.1483855790022,1.08187745089122,1.65927011683723,1.32811285033935,1.621594144676,0,-176.621409265508,296.584890892838,279.448884678764,-673.339818868583,0,0.633936713792189,0.535648181477398,0.536643629251356,0.822716614878079,0.88996561433702,1.03405082009704,0,0,3.95829174020005,404.200305046874,0,0,0.460897873853826,0.796898620996241,0.427210589270757,1.10017659822773,0.699049289731199,1.46571091780411,-678.233647467657,0,452.029086433679,595.212399105351,0,-27.3226128354156,0.8580769694727,1.075726756485,1.01902870011577,1.509280659677,1.31857354725453,1.50916788468886,0,0,NA,NA,NA,NA,NA,NA,NA,NA,NA,NA,NA,NA,NA,NA,NA,NA,NA,NA,NA,NA,NA,NA,NA,NA
"60","bsi",0.0841322513052025,-0.0323949580010172,-0.139175916442574,-0.0187234800724707,0,0,0,-3.16990650219817e-05,0,0,-0.0734547429914496,-0.0279801570380862,NA,NA,NA,NA,NA,NA,NA,NA,NA,NA,NA,NA,0,-0.0726287238926523,-0.159377601197512,-0.00387985828372978,-4.43532847358332e-05,-0.000129008971340205,0,-3.72761277742197e-05,0,0,-0.0466820472732163,0,NA,NA,NA,NA,NA,NA,NA,NA,NA,NA,NA,NA,NA,NA,NA,NA,NA,NA,NA,NA,NA,NA,NA,NA,0.315077852980322,-0.045858798003069,-0.311614580172899,-0.0328004435558112,-0.000182710259706662,-0.00129536289988798,-0.000107338664097966,-0.00168644031116072,-0.000194942673274351,-0.00127374404840527,-0.105658738490133,0.073173842199754,0.262205570115149,0,-0.258373995643936,-0.120808295310972,-1.04575967086921e-05,-0.000383941104042722,6.81517820441861e-05,-0.000720979361977267,3.23081623016726e-05,-0.000386032042305499,-0.118203323213526,-0.0142177170540757
"61","log_skin",2664.56103519725,2158.81606754477,-2337.57366740374,-1285.47583091989,7.07766950403389,7.43938469227842,7.22676896500451,9.03937696400888,6.64160482120299,8.18725413575074,-1568.75025499392,-1333.70760566032,NA,NA,NA,NA,NA,NA,NA,NA,NA,NA,NA,NA,NA,NA,NA,NA,NA,NA,NA,NA,NA,NA,NA,NA,3474.10796634921,2112.26229075745,-2149.58825894659,-1320.37185670861,7.98264672692578,7.78609066671224,8.61518190051249,9.96927920747138,7.2152102524042,8.98992918443392,-2246.46313252211,-1617.82396039058,NA,NA,NA,NA,NA,NA,NA,NA,NA,NA,NA,NA,NA,NA,NA,NA,NA,NA,NA,NA,NA,NA,NA,NA,3049.73757080433,3568.10017638029,-1930.37796474115,-3964.88735953058,9.49145118465719,13.4641297627066,9.73813748562718,15.1699076696811,9.58108875497368,13.9766506765391,-1753.41928047125,-2333.0252357472
"62","age_grip",0.0132577483925961,-0.0828270480705162,0.0275893685655088,0.146642137733153,0,-0.000197536394932343,0,-0.00077135984841881,-7.37482671852494e-05,0,-0.36183345897573,0,NA,NA,NA,NA,NA,NA,NA,NA,NA,NA,NA,NA,NA,NA,NA,NA,NA,NA,NA,NA,NA,NA,NA,NA,NA,NA,NA,NA,NA,NA,NA,NA,NA,NA,NA,NA,-0.191910928127606,-0.123127996695762,0,0.420890912743539,-0.000279143118601174,0,0.000401422509080722,-0.000139399242737134,0.000452027433480433,0.000546355884902514,0,0.0337360259516581,NA,NA,NA,NA,NA,NA,NA,NA,NA,NA,NA,NA,NA,NA,NA,NA,NA,NA,NA,NA,NA,NA,NA,NA
"63","cama",0,31.1125729138647,5.37940344038669,-0.503691077762165,-0.00838895039997988,0,-0.00321521178194575,0,0,0,15.89606647208,3.9983081377852,NA,NA,NA,NA,NA,NA,NA,NA,NA,NA,NA,NA,NA,NA,NA,NA,NA,NA,NA,NA,NA,NA,NA,NA,NA,NA,NA,NA,NA,NA,NA,NA,NA,NA,NA,NA,NA,NA,NA,NA,NA,NA,NA,NA,NA,NA,NA,NA,NA,NA,NA,NA,NA,NA,NA,NA,NA,NA,NA,NA,115.50490384399,24.9371279542726,-15.3809208742742,0,0.261291352527548,-0.0720265485652061,0.224419052902526,-0.234939510006897,0,-0.0809898973049774,-19.0083147363162,3.19339620455029
